"","GMM_filtered","GMM","missForest","KNN","MICE","MICE_filtered"
"0.05",0.987407031794783,0.844980213830258,0.838667994360637,0.834224794620331,0.848446660625947,0.848446660625947
"0.1",0.986446294707604,0.789941796069532,0.77935000995821,0.769752380735737,0.779158636670584,0.779158636670584
"0.15",0.990610529867462,0.725275855157749,0.680389514073979,0.687606695010132,0.699490586758924,0.699490586758924
"0.2",0.989764393437874,0.694798219146209,0.608326082528553,0.616616150586389,0.642142172220823,0.642142172220823
"0.25",0.984779505673939,0.633859420057735,0.538418648864703,0.541721609818789,0.551773360476577,0.556741556004446
"0.3",0.9845132753484,0.592671727775528,0.455324243588299,0.486838931586193,0.481525381401263,0.481525381401263
