"","GMM_filtered","GMM","missForest","KNN","MICE","MICE_filtered"
"0.05",0.790948716097311,0.70217794382596,0.543814621981671,0.554447383062764,0.53064901440799,0.53064901440799
"0.1",0.810043626262228,0.690888905376106,0.543814621981671,0.544549794101346,0.544805901830789,0.544805901830789
"0.15",0.818210036420256,0.675625074853764,0.563576953758236,0.506611816090985,0.539121970917468,0.539121970917468
"0.2",0.880913382068436,0.698801970796363,0.58368529491326,0.528841329213218,0.487844075944891,0.538776021841876
"0.25",0.859347506232644,0.685846590179735,0.535856695574176,0.538358518451273,0.515959313245547,0.527982378615522
"0.3",0.874107039106373,0.660259919416012,0.545329086138097,0.480907381640802,0.531907803019771,0.537533882384787
